<metadata xml:lang="en"><Esri><CreaDate>20220329</CreaDate><CreaTime>10425700</CreaTime><ArcGISFormat>1.0</ArcGISFormat><ArcGISstyle>Item Description</ArcGISstyle><SyncOnce>FALSE</SyncOnce><DataProperties><itemProps><itemName Sync="TRUE">wk_neighbourhoods</itemName><imsContentType Sync="TRUE">002</imsContentType><nativeExtBox><westBL Sync="TRUE">303868.872000</westBL><eastBL Sync="TRUE">318992.607000</eastBL><southBL Sync="TRUE">5519910.169100</southBL><northBL Sync="TRUE">5535792.000100</northBL><exTypeCode Sync="TRUE">1</exTypeCode></nativeExtBox><itemLocation><linkage Sync="TRUE">file://\\DT-1945HG\C$\ScriptWorkspace\DataDownloadsWork\wk_neighbourhoods\wk_neighbourhoods.shp</linkage><protocol Sync="TRUE">Local Area Network</protocol></itemLocation><itemSize Sync="TRUE">0.000</itemSize></itemProps><coordRef><type Sync="TRUE">Projected</type><geogcsn Sync="TRUE">GCS_North_American_1983</geogcsn><csUnits Sync="TRUE">Linear Unit: Meter (1.000000)</csUnits><projcsn Sync="TRUE">NAD_1983_UTM_Zone_11N</projcsn><peXml Sync="TRUE">&lt;ProjectedCoordinateSystem xsi:type='typens:ProjectedCoordinateSystem' xmlns:xsi='http://www.w3.org/2001/XMLSchema-instance' xmlns:xs='http://www.w3.org/2001/XMLSchema' xmlns:typens='http://www.esri.com/schemas/ArcGIS/10.8'&gt;&lt;WKT&gt;PROJCS[&amp;quot;NAD_1983_UTM_Zone_11N&amp;quot;,GEOGCS[&amp;quot;GCS_North_American_1983&amp;quot;,DATUM[&amp;quot;D_North_American_1983&amp;quot;,SPHEROID[&amp;quot;GRS_1980&amp;quot;,6378137.0,298.257222101]],PRIMEM[&amp;quot;Greenwich&amp;quot;,0.0],UNIT[&amp;quot;Degree&amp;quot;,0.0174532925199433]],PROJECTION[&amp;quot;Transverse_Mercator&amp;quot;],PARAMETER[&amp;quot;False_Easting&amp;quot;,500000.0],PARAMETER[&amp;quot;False_Northing&amp;quot;,0.0],PARAMETER[&amp;quot;Central_Meridian&amp;quot;,-117.0],PARAMETER[&amp;quot;Scale_Factor&amp;quot;,0.9996],PARAMETER[&amp;quot;Latitude_Of_Origin&amp;quot;,0.0],UNIT[&amp;quot;Meter&amp;quot;,1.0],AUTHORITY[&amp;quot;EPSG&amp;quot;,26911]]&lt;/WKT&gt;&lt;XOrigin&gt;-5120900&lt;/XOrigin&gt;&lt;YOrigin&gt;-9998100&lt;/YOrigin&gt;&lt;XYScale&gt;450445547.3910538&lt;/XYScale&gt;&lt;ZOrigin&gt;-100000&lt;/ZOrigin&gt;&lt;ZScale&gt;10000&lt;/ZScale&gt;&lt;MOrigin&gt;-100000&lt;/MOrigin&gt;&lt;MScale&gt;10000&lt;/MScale&gt;&lt;XYTolerance&gt;0.001&lt;/XYTolerance&gt;&lt;ZTolerance&gt;0.001&lt;/ZTolerance&gt;&lt;MTolerance&gt;0.001&lt;/MTolerance&gt;&lt;HighPrecision&gt;true&lt;/HighPrecision&gt;&lt;WKID&gt;26911&lt;/WKID&gt;&lt;LatestWKID&gt;26911&lt;/LatestWKID&gt;&lt;/ProjectedCoordinateSystem&gt;</peXml></coordRef><lineage><Process Name="Truncate Table" ToolSource="c:\program files (x86)\arcgis\desktop10.2\ArcToolbox\Toolboxes\Data Management Tools.tbx\TruncateTable" Date="20151113" Time="111815" export="">TruncateTable "Database Connections\WKGDB on SQL6 as GIS.sde\WKGDB.GIS.ProductionData\WKGDB.GIS.WK_Neighbourhoods"</Process><Process Name="Append" ToolSource="c:\program files (x86)\arcgis\desktop10.2\ArcToolbox\Toolboxes\Data Management Tools.tbx\Append" Date="20151113" Time="111816" export="">Append 'Database Connections\WKGDB on SQL6 as GIS.sde\WKGDB.GIS.AdministrativeAreas\WKGDB.GIS.Neighbourhoods' "Database Connections\WKGDB on SQL6 as GIS.sde\WKGDB.GIS.ProductionData\WKGDB.GIS.WK_Neighbourhoods" NO_TEST "Id "Id" true true false 4 Long 0 10 ,First,#,Database Connections\WKGDB on SQL6 as GIS.sde\WKGDB.GIS.AdministrativeAreas\WKGDB.GIS.Neighbourhoods,Id,-1,-1;Zone "Zone" true true false 5 Text 0 0 ,First,#,Database Connections\WKGDB on SQL6 as GIS.sde\WKGDB.GIS.AdministrativeAreas\WKGDB.GIS.Neighbourhoods,Zone,-1,-1;Name "Name" true true false 50 Text 0 0 ,First,#,Database Connections\WKGDB on SQL6 as GIS.sde\WKGDB.GIS.AdministrativeAreas\WKGDB.GIS.Neighbourhoods,Name,-1,-1;Shape_STArea__ "Shape_STArea__" true false false 8 Double 8 38 ,First,#,Database Connections\WKGDB on SQL6 as GIS.sde\WKGDB.GIS.AdministrativeAreas\WKGDB.GIS.Neighbourhoods,SHAPE_STArea__,-1,-1;Shape_STLength__ "Shape_STLength__" true false false 8 Double 8 38 ,First,#,Database Connections\WKGDB on SQL6 as GIS.sde\WKGDB.GIS.AdministrativeAreas\WKGDB.GIS.Neighbourhoods,SHAPE_STLength__,-1,-1;Shape.STArea() "Shape.STArea()" false false true 0 Double 0 0 ,First,#,Database Connections\WKGDB on SQL6 as GIS.sde\WKGDB.GIS.AdministrativeAreas\WKGDB.GIS.Neighbourhoods,Shape.STArea(),-1,-1;Shape.STLength() "Shape.STLength()" false false true 0 Double 0 0 ,First,#,Database Connections\WKGDB on SQL6 as GIS.sde\WKGDB.GIS.AdministrativeAreas\WKGDB.GIS.Neighbourhoods,Shape.STLength(),-1,-1" #</Process><Process Name="Truncate Table" ToolSource="c:\program files (x86)\arcgis\desktop10.3\ArcToolbox\Toolboxes\Data Management Tools.tbx\TruncateTable" Date="20160309" Time="143348" export="">TruncateTable "Target Layers\WKGDB.GIS.WK_Neighbourhoods"</Process><Process Name="Append" ToolSource="c:\program files (x86)\arcgis\desktop10.3\ArcToolbox\Toolboxes\Data Management Tools.tbx\Append" Date="20160309" Time="143350" export="">Append 'update layers\WKGDB.GIS.Neighbourhoods' "Target Layers\WKGDB.GIS.WK_Neighbourhoods" NO_TEST "Id "Id" true true false 4 Long 0 10 ,First,#,update layers\WKGDB.GIS.Neighbourhoods,Id,-1,-1;Zone "Zone" true true false 5 Text 0 0 ,First,#,update layers\WKGDB.GIS.Neighbourhoods,Zone,-1,-1;Name "Name" true true false 50 Text 0 0 ,First,#,update layers\WKGDB.GIS.Neighbourhoods,Name,-1,-1;Shape_STArea__ "Shape_STArea__" true false false 8 Double 8 38 ,First,#,update layers\WKGDB.GIS.Neighbourhoods,SHAPE_STArea__,-1,-1;Shape_STLength__ "Shape_STLength__" true false false 8 Double 8 38 ,First,#,update layers\WKGDB.GIS.Neighbourhoods,SHAPE_STLength__,-1,-1;Shape.STArea() "Shape.STArea()" false false true 0 Double 0 0 ,First,#,update layers\WKGDB.GIS.Neighbourhoods,Shape.STArea(),-1,-1;Shape.STLength() "Shape.STLength()" false false true 0 Double 0 0 ,First,#,update layers\WKGDB.GIS.Neighbourhoods,Shape.STLength(),-1,-1" #</Process><Process Name="Truncate Table" ToolSource="c:\program files (x86)\arcgis\desktop10.3\ArcToolbox\Toolboxes\Data Management Tools.tbx\TruncateTable" Date="20160718" Time="162259" export="">TruncateTable TargetPublic\Cadastre\WKGDBEXT.DBO.WK_Neighbourhoods</Process><Process Name="Append" ToolSource="c:\program files (x86)\arcgis\desktop10.3\ArcToolbox\Toolboxes\Data Management Tools.tbx\Append" Date="20160718" Time="162302" export="">Append 'Update Layers - production data\Development\WKGDB.GIS.WK_Neighbourhoods' TargetPublic\Cadastre\WKGDBEXT.DBO.WK_Neighbourhoods NO_TEST "Id "Id" true true false 4 Long 0 10 ,First,#,Update Layers - production data\Development\WKGDB.GIS.WK_Neighbourhoods,Id,-1,-1;Zone "Zone" true true false 5 Text 0 0 ,First,#,Update Layers - production data\Development\WKGDB.GIS.WK_Neighbourhoods,Zone,-1,-1;Name "Name" true true false 50 Text 0 0 ,First,#,Update Layers - production data\Development\WKGDB.GIS.WK_Neighbourhoods,Name,-1,-1;Shape_STArea__ "Shape_STArea__" true false false 8 Double 8 38 ,First,#,Update Layers - production data\Development\WKGDB.GIS.WK_Neighbourhoods,Shape_STArea__,-1,-1;Shape_STLength__ "Shape_STLength__" true false false 8 Double 8 38 ,First,#,Update Layers - production data\Development\WKGDB.GIS.WK_Neighbourhoods,Shape_STLength__,-1,-1;Shape.STArea() "Shape.STArea()" false false true 0 Double 0 0 ,First,#,Update Layers - production data\Development\WKGDB.GIS.WK_Neighbourhoods,Shape.STArea(),-1,-1;Shape.STLength() "Shape.STLength()" false false true 0 Double 0 0 ,First,#,Update Layers - production data\Development\WKGDB.GIS.WK_Neighbourhoods,Shape.STLength(),-1,-1" #</Process><Process Name="Truncate Table" ToolSource="c:\program files (x86)\arcgis\desktop10.3\ArcToolbox\Toolboxes\Data Management Tools.tbx\TruncateTable" Date="20161123" Time="083330" export="">TruncateTable TargetPublic\Cadastre\WKGDBEXT.DBO.WK_Neighbourhoods</Process><Process Name="Append" ToolSource="c:\program files (x86)\arcgis\desktop10.3\ArcToolbox\Toolboxes\Data Management Tools.tbx\Append" Date="20161123" Time="083338" export="">Append 'Update Layers - production data\Development\WKGDB.GIS.WK_Neighbourhoods' TargetPublic\Cadastre\WKGDBEXT.DBO.WK_Neighbourhoods NO_TEST "Id "Id" true true false 4 Long 0 10 ,First,#,Update Layers - production data\Development\WKGDB.GIS.WK_Neighbourhoods,Id,-1,-1;Zone "Zone" true true false 5 Text 0 0 ,First,#,Update Layers - production data\Development\WKGDB.GIS.WK_Neighbourhoods,Zone,-1,-1;Name "Name" true true false 50 Text 0 0 ,First,#,Update Layers - production data\Development\WKGDB.GIS.WK_Neighbourhoods,Name,-1,-1;Shape_STArea__ "Shape_STArea__" true false false 8 Double 8 38 ,First,#,Update Layers - production data\Development\WKGDB.GIS.WK_Neighbourhoods,Shape_STArea__,-1,-1;Shape_STLength__ "Shape_STLength__" true false false 8 Double 8 38 ,First,#,Update Layers - production data\Development\WKGDB.GIS.WK_Neighbourhoods,Shape_STLength__,-1,-1;Shape.STArea() "Shape.STArea()" false false true 0 Double 0 0 ,First,#,Update Layers - production data\Development\WKGDB.GIS.WK_Neighbourhoods,Shape.STArea(),-1,-1;Shape.STLength() "Shape.STLength()" false false true 0 Double 0 0 ,First,#,Update Layers - production data\Development\WKGDB.GIS.WK_Neighbourhoods,Shape.STLength(),-1,-1" #</Process><Process Name="Truncate Table" ToolSource="c:\program files (x86)\arcgis\desktop10.3\ArcToolbox\Toolboxes\Data Management Tools.tbx\TruncateTable" Date="20170118" Time="101738" export="">TruncateTable TargetPublic\Cadastre\WKGDBEXT.DBO.WK_Neighbourhoods</Process><Process Name="Append" ToolSource="c:\program files (x86)\arcgis\desktop10.3\ArcToolbox\Toolboxes\Data Management Tools.tbx\Append" Date="20170118" Time="101742" export="">Append 'Update Layers - production data\Development\WKGDB.GIS.WK_Neighbourhoods' TargetPublic\Cadastre\WKGDBEXT.DBO.WK_Neighbourhoods NO_TEST "Id "Id" true true false 4 Long 0 10 ,First,#,Update Layers - production data\Development\WKGDB.GIS.WK_Neighbourhoods,Id,-1,-1;Zone "Zone" true true false 5 Text 0 0 ,First,#,Update Layers - production data\Development\WKGDB.GIS.WK_Neighbourhoods,Zone,-1,-1;Name "Name" true true false 50 Text 0 0 ,First,#,Update Layers - production data\Development\WKGDB.GIS.WK_Neighbourhoods,Name,-1,-1;Shape_STArea__ "Shape_STArea__" true false false 8 Double 8 38 ,First,#,Update Layers - production data\Development\WKGDB.GIS.WK_Neighbourhoods,Shape_STArea__,-1,-1;Shape_STLength__ "Shape_STLength__" true false false 8 Double 8 38 ,First,#,Update Layers - production data\Development\WKGDB.GIS.WK_Neighbourhoods,Shape_STLength__,-1,-1;Shape.STArea() "Shape.STArea()" false false true 0 Double 0 0 ,First,#,Update Layers - production data\Development\WKGDB.GIS.WK_Neighbourhoods,Shape.STArea(),-1,-1;Shape.STLength() "Shape.STLength()" false false true 0 Double 0 0 ,First,#,Update Layers - production data\Development\WKGDB.GIS.WK_Neighbourhoods,Shape.STLength(),-1,-1" #</Process><Process Name="Truncate Table" ToolSource="c:\program files (x86)\arcgis\desktop10.3\ArcToolbox\Toolboxes\Data Management Tools.tbx\TruncateTable" Date="20181120" Time="081328" export="">TruncateTable TargetPublic\Cadastre\WKGDBEXT.DBO.WK_Neighbourhoods</Process><Process Name="Append" ToolSource="c:\program files (x86)\arcgis\desktop10.3\ArcToolbox\Toolboxes\Data Management Tools.tbx\Append" Date="20181120" Time="081329" export="">Append 'Update Layers - production data\Development\WKGDB.GIS.WK_Neighbourhoods' TargetPublic\Cadastre\WKGDBEXT.DBO.WK_Neighbourhoods NO_TEST "Id "Id" true true false 4 Long 0 10 ,First,#,Update Layers - production data\Development\WKGDB.GIS.WK_Neighbourhoods,Id,-1,-1;Zone "Zone" true true false 5 Text 0 0 ,First,#,Update Layers - production data\Development\WKGDB.GIS.WK_Neighbourhoods,Zone,-1,-1;Name "Name" true true false 50 Text 0 0 ,First,#,Update Layers - production data\Development\WKGDB.GIS.WK_Neighbourhoods,Name,-1,-1;Shape_STArea__ "Shape_STArea__" true false false 8 Double 8 38 ,First,#,Update Layers - production data\Development\WKGDB.GIS.WK_Neighbourhoods,Shape_STArea__,-1,-1;Shape_STLength__ "Shape_STLength__" true false false 8 Double 8 38 ,First,#,Update Layers - production data\Development\WKGDB.GIS.WK_Neighbourhoods,Shape_STLength__,-1,-1;Shape.STArea() "Shape.STArea()" false false true 0 Double 0 0 ,First,#,Update Layers - production data\Development\WKGDB.GIS.WK_Neighbourhoods,Shape.STArea(),-1,-1;Shape.STLength() "Shape.STLength()" false false true 0 Double 0 0 ,First,#,Update Layers - production data\Development\WKGDB.GIS.WK_Neighbourhoods,Shape.STLength(),-1,-1" #</Process><Process Name="Truncate Table" ToolSource="c:\program files (x86)\arcgis\desktop10.6\ArcToolbox\Toolboxes\Data Management Tools.tbx\TruncateTable" Date="20190603" Time="160528" export="">TruncateTable "Database Connections\WKGDBExt on GISExt1 as OS.sde\WKGDBEXT.DBO.ProductionData\WKGDBEXT.DBO.WK_Neighbourhoods"</Process><Process Name="Append" ToolSource="c:\program files (x86)\arcgis\desktop10.6\ArcToolbox\Toolboxes\Data Management Tools.tbx\Append" Date="20190603" Time="160530" export="">Append 'Database Connections\WKGDB on SQL6 as OS.sde\WKGDB.GIS.ProductionData\WKGDB.GIS.WK_Neighbourhoods' "Database Connections\WKGDBExt on GISExt1 as OS.sde\WKGDBEXT.DBO.ProductionData\WKGDBEXT.DBO.WK_Neighbourhoods" NO_TEST "Id "Id" true true false 4 Long 0 10 ,First,#,Database Connections\WKGDB on SQL6 as OS.sde\WKGDB.GIS.ProductionData\WKGDB.GIS.WK_Neighbourhoods,Id,-1,-1;Zone "Zone" true true false 5 Text 0 0 ,First,#,Database Connections\WKGDB on SQL6 as OS.sde\WKGDB.GIS.ProductionData\WKGDB.GIS.WK_Neighbourhoods,Zone,-1,-1;Name "Name" true true false 50 Text 0 0 ,First,#,Database Connections\WKGDB on SQL6 as OS.sde\WKGDB.GIS.ProductionData\WKGDB.GIS.WK_Neighbourhoods,Name,-1,-1;Shape_STArea__ "Shape_STArea__" true false false 8 Double 8 38 ,First,#,Database Connections\WKGDB on SQL6 as OS.sde\WKGDB.GIS.ProductionData\WKGDB.GIS.WK_Neighbourhoods,Shape_STArea__,-1,-1;Shape_STLength__ "Shape_STLength__" true false false 8 Double 8 38 ,First,#,Database Connections\WKGDB on SQL6 as OS.sde\WKGDB.GIS.ProductionData\WKGDB.GIS.WK_Neighbourhoods,Shape_STLength__,-1,-1;Shape.STArea() "Shape.STArea()" false false true 0 Double 0 0 ,First,#,Database Connections\WKGDB on SQL6 as OS.sde\WKGDB.GIS.ProductionData\WKGDB.GIS.WK_Neighbourhoods,Shape.STArea(),-1,-1;Shape.STLength() "Shape.STLength()" false false true 0 Double 0 0 ,First,#,Database Connections\WKGDB on SQL6 as OS.sde\WKGDB.GIS.ProductionData\WKGDB.GIS.WK_Neighbourhoods,Shape.STLength(),-1,-1" #</Process><Process Name="Truncate Table" ToolSource="c:\program files (x86)\arcgis\desktop10.6\ArcToolbox\Toolboxes\Data Management Tools.tbx\TruncateTable" Date="20190607" Time="120404" export="">TruncateTable "Database Connections\WKGDBExt on GISExt1 as OS.sde\WKGDBEXT.DBO.ProductionData\WKGDBEXT.DBO.WK_Neighbourhoods"</Process><Process Name="Append" ToolSource="c:\program files (x86)\arcgis\desktop10.6\ArcToolbox\Toolboxes\Data Management Tools.tbx\Append" Date="20190607" Time="120404" export="">Append WKGDB.GIS.Neighbourhoods "Database Connections\WKGDBExt on GISExt1 as OS.sde\WKGDBEXT.DBO.ProductionData\WKGDBEXT.DBO.WK_Neighbourhoods" NO_TEST "Id "Id" true true false 4 Long 0 10 ,First,#,WKGDB.GIS.Neighbourhoods,Id,-1,-1;Zone "Zone" true true false 5 Text 0 0 ,First,#,WKGDB.GIS.Neighbourhoods,Zone,-1,-1;Name "Name" true true false 50 Text 0 0 ,First,#,WKGDB.GIS.Neighbourhoods,Name,-1,-1;Shape_STArea__ "Shape_STArea__" true false false 8 Double 8 38 ,First,#,WKGDB.GIS.Neighbourhoods,SHAPE_STArea__,-1,-1;Shape_STLength__ "Shape_STLength__" true false false 8 Double 8 38 ,First,#,WKGDB.GIS.Neighbourhoods,SHAPE_STLength__,-1,-1;Shape.STArea() "Shape.STArea()" false false true 0 Double 0 0 ,First,#,WKGDB.GIS.Neighbourhoods,Shape.STArea(),-1,-1;Shape.STLength() "Shape.STLength()" false false true 0 Double 0 0 ,First,#,WKGDB.GIS.Neighbourhoods,Shape.STLength(),-1,-1" #</Process><Process Name="Truncate Table" ToolSource="c:\program files (x86)\arcgis\desktop10.6\ArcToolbox\Toolboxes\Data Management Tools.tbx\TruncateTable" Date="20190809" Time="084241" export="">TruncateTable TargetPublic\Cadastre\WKGDBEXT.DBO.WK_Neighbourhoods</Process><Process Name="Append" ToolSource="c:\program files (x86)\arcgis\desktop10.6\ArcToolbox\Toolboxes\Data Management Tools.tbx\Append" Date="20190809" Time="084248" export="">Append 'Update Layers - production data\Development\WKGDB.GIS.WK_Neighbourhoods' TargetPublic\Cadastre\WKGDBEXT.DBO.WK_Neighbourhoods NO_TEST "Id "Id" true true false 4 Long 0 10 ,First,#,Update Layers - production data\Development\WKGDB.GIS.WK_Neighbourhoods,Id,-1,-1;Zone "Zone" true true false 5 Text 0 0 ,First,#,Update Layers - production data\Development\WKGDB.GIS.WK_Neighbourhoods,Zone,-1,-1;Name "Name" true true false 50 Text 0 0 ,First,#,Update Layers - production data\Development\WKGDB.GIS.WK_Neighbourhoods,Name,-1,-1;Shape_STArea__ "Shape_STArea__" true false false 8 Double 8 38 ,First,#,Update Layers - production data\Development\WKGDB.GIS.WK_Neighbourhoods,Shape_STArea__,-1,-1;Shape_STLength__ "Shape_STLength__" true false false 8 Double 8 38 ,First,#,Update Layers - production data\Development\WKGDB.GIS.WK_Neighbourhoods,Shape_STLength__,-1,-1;Shape.STArea() "Shape.STArea()" false false true 0 Double 0 0 ,First,#,Update Layers - production data\Development\WKGDB.GIS.WK_Neighbourhoods,Shape.STArea(),-1,-1;Shape.STLength() "Shape.STLength()" false false true 0 Double 0 0 ,First,#,Update Layers - production data\Development\WKGDB.GIS.WK_Neighbourhoods,Shape.STLength(),-1,-1" #</Process><Process Name="Truncate Table" ToolSource="c:\program files (x86)\arcgis\desktop10.6\ArcToolbox\Toolboxes\Data Management Tools.tbx\TruncateTable" Date="20200915" Time="141615" export="">TruncateTable TargetPublic\Cadastre\WKGDBEXT.DBO.WK_Neighbourhoods</Process><Process Name="Append" ToolSource="c:\program files (x86)\arcgis\desktop10.6\ArcToolbox\Toolboxes\Data Management Tools.tbx\Append" Date="20200915" Time="141616" export="">Append 'Update Layers - production data\Development\WKGDB.GIS.WK_Neighbourhoods' TargetPublic\Cadastre\WKGDBEXT.DBO.WK_Neighbourhoods NO_TEST "Id "Id" true true false 4 Long 0 10 ,First,#,Update Layers - production data\Development\WKGDB.GIS.WK_Neighbourhoods,Id,-1,-1;Zone "Zone" true true false 5 Text 0 0 ,First,#,Update Layers - production data\Development\WKGDB.GIS.WK_Neighbourhoods,Zone,-1,-1;Name "Name" true true false 50 Text 0 0 ,First,#,Update Layers - production data\Development\WKGDB.GIS.WK_Neighbourhoods,Name,-1,-1;Shape_STArea__ "Shape_STArea__" true false false 8 Double 8 38 ,First,#,Update Layers - production data\Development\WKGDB.GIS.WK_Neighbourhoods,Shape_STArea__,-1,-1;Shape_STLength__ "Shape_STLength__" true false false 8 Double 8 38 ,First,#,Update Layers - production data\Development\WKGDB.GIS.WK_Neighbourhoods,Shape_STLength__,-1,-1;Shape.STArea() "Shape.STArea()" false false true 0 Double 0 0 ,First,#,Update Layers - production data\Development\WKGDB.GIS.WK_Neighbourhoods,Shape.STArea(),-1,-1;Shape.STLength() "Shape.STLength()" false false true 0 Double 0 0 ,First,#,Update Layers - production data\Development\WKGDB.GIS.WK_Neighbourhoods,Shape.STLength(),-1,-1" #</Process><Process Name="Truncate Table" ToolSource="c:\program files (x86)\arcgis\desktop10.6\ArcToolbox\Toolboxes\Data Management Tools.tbx\TruncateTable" Date="20210111" Time="102656" export="">TruncateTable "Database Connections\WKGDBExt on GISExt1 as OS.sde\WKGDBEXT.DBO.ProductionData\WKGDBEXT.DBO.WK_Neighbourhoods"</Process><Process Name="Append" ToolSource="c:\program files (x86)\arcgis\desktop10.6\ArcToolbox\Toolboxes\Data Management Tools.tbx\Append" Date="20210111" Time="102656" export="">Append 'Database Connections\WKGDB on SQL6 as GIS.sde\WKGDB.GIS.AdministrativeAreas\WKGDB.GIS.Neighbourhoods' "Database Connections\WKGDBExt on GISExt1 as OS.sde\WKGDBEXT.DBO.ProductionData\WKGDBEXT.DBO.WK_Neighbourhoods" NO_TEST "Id "Id" true true false 4 Long 0 10 ,First,#,Database Connections\WKGDB on SQL6 as GIS.sde\WKGDB.GIS.AdministrativeAreas\WKGDB.GIS.Neighbourhoods,Id,-1,-1;Zone "Zone" true true false 5 Text 0 0 ,First,#,Database Connections\WKGDB on SQL6 as GIS.sde\WKGDB.GIS.AdministrativeAreas\WKGDB.GIS.Neighbourhoods,Zone,-1,-1;Name "Name" true true false 50 Text 0 0 ,First,#,Database Connections\WKGDB on SQL6 as GIS.sde\WKGDB.GIS.AdministrativeAreas\WKGDB.GIS.Neighbourhoods,Name,-1,-1;Shape_STArea__ "Shape_STArea__" true false false 8 Double 8 38 ,First,#,Database Connections\WKGDB on SQL6 as GIS.sde\WKGDB.GIS.AdministrativeAreas\WKGDB.GIS.Neighbourhoods,SHAPE_STArea__,-1,-1;Shape_STLength__ "Shape_STLength__" true false false 8 Double 8 38 ,First,#,Database Connections\WKGDB on SQL6 as GIS.sde\WKGDB.GIS.AdministrativeAreas\WKGDB.GIS.Neighbourhoods,SHAPE_STLength__,-1,-1;Shape.STArea() "Shape.STArea()" false false true 0 Double 0 0 ,First,#,Database Connections\WKGDB on SQL6 as GIS.sde\WKGDB.GIS.AdministrativeAreas\WKGDB.GIS.Neighbourhoods,Shape.STArea(),-1,-1;Shape.STLength() "Shape.STLength()" false false true 0 Double 0 0 ,First,#,Database Connections\WKGDB on SQL6 as GIS.sde\WKGDB.GIS.AdministrativeAreas\WKGDB.GIS.Neighbourhoods,Shape.STLength(),-1,-1" #</Process><Process Name="Feature Class to Feature Class" ToolSource="c:\program files (x86)\arcgis\desktop10.8\ArcToolbox\Toolboxes\Conversion Tools.tbx\FeatureClassToFeatureClass" Date="20241204" Time="160124">FeatureClassToFeatureClass "Database Connections\WKGDBEXT on GISEXTSQL as OS.sde\WKGDBEXT.GIS.ProductionData\WKGDBEXT.GIS.WK_Neighbourhoods" C:\ScriptWorkspace\DataDownloadsWork\wk_neighbourhoods wk_neighbourhoods.shp # "Id "Id" true true false 4 Long 0 10 ,First,#,Database Connections\WKGDB on SQL6 as OS.sde\WKGDB.GIS.ProductionData\WKGDB.GIS.WK_Neighbourhoods,Id,-1,-1;Zone "Zone" true true false 5 Text 0 0 ,First,#,Database Connections\WKGDB on SQL6 as OS.sde\WKGDB.GIS.ProductionData\WKGDB.GIS.WK_Neighbourhoods,Zone,-1,-1;Name "Name" true true false 50 Text 0 0 ,First,#,Database Connections\WKGDB on SQL6 as OS.sde\WKGDB.GIS.ProductionData\WKGDB.GIS.WK_Neighbourhoods,Name,-1,-1" #</Process></lineage></DataProperties><SyncDate>20241204</SyncDate><SyncTime>16012300</SyncTime><ModDate>20241204</ModDate><ModTime>16012300</ModTime><scaleRange><minScale>150000000</minScale><maxScale>5000</maxScale></scaleRange><ArcGISProfile>ItemDescription</ArcGISProfile></Esri><dataIdInfo><envirDesc Sync="TRUE"> Version 6.2 (Build 9200) ; Esri ArcGIS 10.9.1.28388</envirDesc><dataLang><languageCode value="eng" Sync="TRUE"/><countryCode value="CAN" Sync="TRUE"/></dataLang><idCitation><resTitle Sync="TRUE">wk_neighbourhoods</resTitle><presForm><PresFormCd value="005" Sync="TRUE"/></presForm></idCitation><spatRpType><SpatRepTypCd value="001" Sync="TRUE"/></spatRpType><dataExt><geoEle xmlns=""><GeoBndBox esriExtentType="search"><exTypeCode Sync="TRUE">1</exTypeCode><westBL Sync="TRUE">-119.733602</westBL><eastBL Sync="TRUE">-119.515609</eastBL><northBL Sync="TRUE">49.947023</northBL><southBL Sync="TRUE">49.799566</southBL></GeoBndBox></geoEle></dataExt><idAbs>&lt;DIV STYLE="text-align:Left;"&gt;&lt;DIV&gt;&lt;DIV&gt;&lt;P&gt;&lt;SPAN&gt;Last update &lt;/SPAN&gt;&lt;SPAN&gt;June 03 2019 - cleaned up. Reviewed and approved by Dev Services&lt;/SPAN&gt;&lt;/P&gt;&lt;P&gt;&lt;SPAN&gt;&lt;SPAN&gt;Realigned as part of Cadastral Realignment project. Last realignment March 16, 2016 Ross rd&lt;/SPAN&gt;&lt;/SPAN&gt;&lt;/P&gt;&lt;P&gt;&lt;SPAN&gt;Aligned to City Bndy changes 20210111&lt;/SPAN&gt;&lt;/P&gt;&lt;P&gt;&lt;SPAN /&gt;&lt;/P&gt;&lt;/DIV&gt;&lt;/DIV&gt;&lt;/DIV&gt;</idAbs></dataIdInfo><mdLang><languageCode value="eng" Sync="TRUE"/><countryCode value="CAN" Sync="TRUE"/></mdLang><mdChar><CharSetCd value="004" Sync="TRUE"/></mdChar><distInfo><distFormat><formatName Sync="TRUE">Shapefile</formatName></distFormat><distTranOps><transSize Sync="TRUE">0.000</transSize></distTranOps></distInfo><mdHrLv><ScopeCd value="005" Sync="TRUE"/></mdHrLv><mdHrLvName Sync="TRUE">dataset</mdHrLvName><refSysInfo><RefSystem><refSysID><identCode code="26911" Sync="TRUE"/><idCodeSpace Sync="TRUE">EPSG</idCodeSpace><idVersion Sync="TRUE">6.11(3.0.1)</idVersion></refSysID></RefSystem></refSysInfo><spatRepInfo><VectSpatRep><geometObjs Name="wk_neighbourhoods"><geoObjTyp><GeoObjTypCd value="002" Sync="TRUE"></GeoObjTypCd></geoObjTyp><geoObjCnt Sync="TRUE">0</geoObjCnt></geometObjs><topLvl><TopoLevCd value="001" Sync="TRUE"></TopoLevCd></topLvl></VectSpatRep></spatRepInfo><spdoinfo><ptvctinf><esriterm Name="wk_neighbourhoods"><efeatyp Sync="TRUE">Simple</efeatyp><efeageom code="4" Sync="TRUE"></efeageom><esritopo Sync="TRUE">FALSE</esritopo><efeacnt Sync="TRUE">0</efeacnt><spindex Sync="TRUE">FALSE</spindex><linrefer Sync="TRUE">FALSE</linrefer></esriterm></ptvctinf></spdoinfo><eainfo><detailed Name="wk_neighbourhoods"><enttyp><enttypl Sync="TRUE">wk_neighbourhoods</enttypl><enttypt Sync="TRUE">Feature Class</enttypt><enttypc Sync="TRUE">0</enttypc></enttyp><attr><attrlabl Sync="TRUE">FID</attrlabl><attalias Sync="TRUE">FID</attalias><attrtype Sync="TRUE">OID</attrtype><attwidth Sync="TRUE">4</attwidth><atprecis Sync="TRUE">0</atprecis><attscale Sync="TRUE">0</attscale><attrdef Sync="TRUE">Internal feature number.</attrdef><attrdefs Sync="TRUE">Esri</attrdefs><attrdomv><udom Sync="TRUE">Sequential unique whole numbers that are automatically generated.</udom></attrdomv></attr><attr><attrlabl Sync="TRUE">Id</attrlabl><attalias Sync="TRUE">Id</attalias><attrtype Sync="TRUE">Integer</attrtype><attwidth Sync="TRUE">10</attwidth><atprecis Sync="TRUE">10</atprecis><attscale Sync="TRUE">0</attscale></attr><attr><attrlabl Sync="TRUE">Zone</attrlabl><attalias Sync="TRUE">Zone</attalias><attrtype Sync="TRUE">String</attrtype><attwidth Sync="TRUE">5</attwidth><atprecis Sync="TRUE">0</atprecis><attscale Sync="TRUE">0</attscale></attr><attr><attrlabl Sync="TRUE">Name</attrlabl><attalias Sync="TRUE">Name</attalias><attrtype Sync="TRUE">String</attrtype><attwidth Sync="TRUE">50</attwidth><atprecis Sync="TRUE">0</atprecis><attscale Sync="TRUE">0</attscale></attr><attr><attrlabl Sync="TRUE">SHAPE</attrlabl><attalias Sync="TRUE">Shape</attalias><attrtype Sync="TRUE">Geometry</attrtype><attwidth Sync="TRUE">0</attwidth><atprecis Sync="TRUE">0</atprecis><attscale Sync="TRUE">0</attscale><attrdef Sync="TRUE">Feature geometry.</attrdef><attrdefs Sync="TRUE">Esri</attrdefs><attrdomv><udom Sync="TRUE">Coordinates defining the features.</udom></attrdomv></attr></detailed></eainfo><mdDateSt Sync="TRUE">20241204</mdDateSt></metadata>
